강좌번호,이름,중간고사,기말고사,퀴즈,일반과제,웹과제,출석,합산,학점
101,Stud0001,24.5,11.5,3.7,2.3,5.8,6,53.8,C0
101,Stud0002,32.5,30.5,8,7,8,8,94,A+
101,Stud0003,21.5,8.5,4.8,4.7,7,7,53.5,C0
101,Stud0004,16,28,5.5,7,5.6,8,70.1,B+
101,Stud0005,17.5,16,5.1,4.7,7.8,6,57.1,C+
101,Stud0006,19.5,11.5,6.5,7,6.5,5,56,C+
101,Stud0007,22,23.5,7.5,7,7.4,8,75.4,A0
101,Stud0008,18,14,4.3,7,5.3,8,56.6,C+
101,Stud0009,18.5,0,2.8,4.7,6.6,7,39.6,F
101,Stud0010,16,9,3.8,7,3.9,7,46.7,D+
101,Stud0011,11.5,0,2.2,4.7,4.3,5,27.7,F
101,Stud0012,24.5,21,5.6,7,7.9,8,74,B+
101,Stud0013,22.5,17,6.1,7,7.7,7,67.3,B+
101,Stud0014,27.5,23.5,7.4,7,7.3,8,80.7,A0
101,Stud0015,29.5,25.5,7.7,7,7.9,8,85.6,A0
101,Stud0016,26,22.5,6.6,7,8,8,78.1,A0
101,Stud0017,24,27,7.5,7,8,8,81.5,A0
101,Stud0018,26,13,6.4,4.7,7.7,8,65.8,B0
101,Stud0019,26.5,27,7.2,7,6.8,8,82.5,A0
101,Stud0020,33.5,32,7.4,7,8,8,95.9,A+
101,Stud0021,27,28.5,6.8,7,7.9,7,84.2,A0
101,Stud0022,27.5,31.5,7.6,7,7.3,7,87.9,A+
101,Stud0023,20.5,16,2.1,0,5.7,7,51.3,C0
101,Stud0024,31.5,19.5,5,7,7.8,8,78.8,A0
101,Stud0025,14.5,7.5,3.7,2.3,3.3,6,37.3,F
101,Stud0026,23.5,19,6.9,4.7,6.9,6,67,B0
101,Stud0027,27.5,20,5.8,7,5.9,8,74.2,B+
101,Stud0028,30,28,6.7,7,7,8,86.7,A+
101,Stud0029,12,7.5,2.9,4.7,4.4,8,39.5,F
101,Stud0030,24.5,27,4.2,7,8,8,78.7,A0
101,Stud0031,21.5,26,6.9,7,7.9,8,77.3,A0
101,Stud0032,24,7.5,3.9,4.7,4,8,52.1,C0
101,Stud0033,21.5,24.5,6.1,7,7.6,8,74.7,B+
101,Stud0034,21.5,18.5,3.7,4.7,6,7,61.4,B0
101,Stud0035,22.5,27,0.8,7,6.5,8,71.8,B+
101,Stud0036,21,29.5,1.3,7,7.5,8,74.3,B+
101,Stud0037,18.5,14.5,6.4,7,7.1,8,61.5,B0
101,Stud0038,16.5,10.5,6.7,7,8,8,56.7,C+
101,Stud0039,30.5,24,5.5,7,7.2,8,82.2,A0
101,Stud0040,19,26,6.9,7,6.6,8,73.5,B+
102,Stud0041,29,31.5,6.8,7,8,8,90.3,A+
102,Stud0042,31.5,31.5,6.2,7,6.2,8,90.4,A+
102,Stud0043,0,0,1,0,-1,0,0,F
102,Stud0044,23,15,5.2,7,8,8,66.2,B+
102,Stud0045,19,26.5,5.1,7,8,7,72.6,B+
102,Stud0046,26.5,24,5.9,7,6.7,8,78.1,A0
102,Stud0047,23,15,4.5,5,4.4,4,55.9,B0
102,Stud0048,31.5,16,4.4,1.5,4.6,1,59,B0
102,Stud0049,26.5,14,3.9,2.5,2.8,5,54.7,C0
102,Stud0050,27,24,5.8,7,6.7,6,76.5,A0
102,Stud0051,25,22.5,6.5,7,7.6,8,76.6,A0
102,Stud0052,32,14.5,4.1,7,7.6,8,73.2,B+
102,Stud0053,18.5,18,4.8,7,7.6,6,61.9,B0
102,Stud0054,17.5,28,6.3,7,7.8,8,74.6,B+
102,Stud0055,18.5,10.5,4,3.5,1.8,6,44.3,D+
102,Stud0056,25.5,19,5.4,7,6.3,8,71.2,B+
102,Stud0057,31.5,34.5,5.7,7,8,8,94.7,A+
102,Stud0058,0,0,0,0,0,0,0,F
102,Stud0059,30,23,6.8,7,6.6,6,79.4,A0
102,Stud0060,35,26.5,5.1,7,7.9,6,87.5,A+
102,Stud0061,15.5,12.5,4.6,7,7.8,8,55.4,B0
102,Stud0062,27,30.5,6.2,7,7.6,5,83.3,A+
102,Stud0063,22,23.5,6.2,7,7.5,8,74.2,B+
102,Stud0064,23.5,27.5,6.7,7,8,8,80.7,A0
102,Stud0065,30,23.5,5.6,7,7.5,8,81.6,A0
102,Stud0066,20.5,16.5,3.9,7,4.2,4,56.1,B0
102,Stud0067,35,20,6.1,7,7,8,83.1,A0
102,Stud0068,24,23,6.6,7,7.6,8,76.2,A0
102,Stud0069,25.5,22,6.2,7,8,8,76.7,A0
102,Stud0070,25,17,5.1,7,7.6,8,69.7,B+
102,Stud0071,18,11,3.8,7,4.9,7,51.7,C0
102,Stud0072,18,23.5,4.9,7,6.9,8,68.3,B+
102,Stud0073,27.5,21.5,6.2,7,8,8,78.2,A0
102,Stud0074,35,26.5,6.3,7,7.2,8,90,A+
102,Stud0075,25,18.5,4,6.8,8,8,70.3,B+
102,Stud0076,21.5,28.5,4.9,5.3,7.9,8,76.1,B+
102,Stud0077,30.5,18.5,5.8,6,6.9,7,74.7,B+
102,Stud0078,24.5,17.5,4.1,6.8,6.6,4,63.5,B+
102,Stud0079,17,8.5,3.9,3.5,7.2,8,48.1,C0
102,Stud0080,28.5,19,5.4,6.3,6.7,8,73.9,B+
102,Stud0081,33.5,25,6.4,7,7.6,8,87.5,A+
102,Stud0082,28,20.5,5.9,7,5.5,2,68.9,B+
103,Stud0083,32,5,2.2,2.3,5.8,0.9,48.2,D+
103,Stud0084,14.5,7.5,1.9,6.4,7,8,45.3,D+
103,Stud0085,25.5,22.5,1,1,4.7,5,59.7,B0
103,Stud0086,20.5,9.5,1.7,6.8,7.9,2,48.4,C0
103,Stud0087,25,14,3,5.5,7.4,8,62.9,B+
103,Stud0088,30.5,23.5,4.8,7,7.9,8,81.7,A+
103,Stud0089,15.5,9,2,4.2,6.2,4,40.9,F
103,Stud0090,15,18,1.5,4.8,6.1,8,53.4,C+
103,Stud0091,22.5,17.5,3.2,6.5,7.6,8,65.3,B+
103,Stud0092,19.5,14,1.3,3.5,7.5,5,50.8,C0
103,Stud0093,16,22,1.3,5.8,5.6,8,58.7,B0
103,Stud0094,27.5,11.5,0.8,5.8,6.2,4,55.8,B0
103,Stud0095,22,20,3.5,6.4,7.1,8,67,B+
103,Stud0096,17.5,9,3,6.6,7.1,8,51.2,C0
103,Stud0097,21,23,4.7,6.8,6,8,69.5,B+
103,Stud0098,27,22.5,3.5,6.3,6.2,4,69.5,B+
103,Stud0099,21.5,24.5,3.3,6.6,7.6,8,71.5,A0
103,Stud0100,27,15.5,2.3,6.4,5.8,5,62,B0
103,Stud0101,24,17,4,6.9,5,4,60.9,B0
103,Stud0102,10,0,1.3,1.7,5,1,19,F
103,Stud0103,22.5,0,1.8,5.3,6.7,8,44.3,D+
103,Stud0104,18.5,18.5,3.1,5.2,6.4,5,56.7,B0
103,Stud0105,26,21.5,4.3,7,7.7,8,74.5,A0
103,Stud0106,20,20,3.8,3,8,8,62.8,B+
103,Stud0107,21.5,18,1.3,4.7,7.9,4,57.4,B0
103,Stud0108,25,25.5,2,5.5,7.7,5,70.7,B+
103,Stud0109,24,18,2.9,2.6,3.7,5,56.2,B0
103,Stud0110,16,16,3.2,6.9,6.6,8,56.7,B0
103,Stud0111,26.5,17.5,3.7,6.8,7.9,8,70.4,B+
103,Stud0112,28.5,20.5,3.5,5.1,6.3,8,71.9,A0
103,Stud0113,12.5,4,1.3,5.4,7,8,38.2,F
103,Stud0114,27.5,15.5,1.5,2,1.3,4,51.8,C+
103,Stud0115,20,18,2.2,7,7.7,8,62.9,B+
103,Stud0116,27.5,23,3.3,7,7.5,5.1,73.4,A0
103,Stud0117,9.5,18.5,2,4.3,2.3,8,44.6,D+
103,Stud0118,11,0,2.1,2.1,2.1,0,17.3,F
103,Stud0119,30.5,22.5,4.5,5.9,7.3,8,78.7,A0
103,Stud0120,33.5,25,2.8,7,8,5,81.3,A0
103,Stud0121,28,19.5,3.4,3.3,8,5,67.2,B+
103,Stud0122,17.5,29,3.5,6.4,8,8,72.4,A0
103,Stud0123,0,6.5,1.6,5.8,4.5,5,23.4,F
103,Stud0124,7.5,11.5,0.5,4.8,5.7,8,38,F
103,Stud0125,19.5,7,2.2,4.8,6.8,8,48.3,C0
103,Stud0126,11.5,0,0.8,0,3.1,0,15.4,F
103,Stud0127,30.5,24,3.8,6.9,7.3,8,80.5,A0
103,Stud0128,24.5,22.5,3.9,7,5,8,70.9,B+
103,Stud0129,28,12,1.7,6.4,6.6,5,59.7,B0
103,Stud0130,19,15,1,5.3,7.2,8,55.5,B0
103,Stud0131,14.5,17,2.8,4.4,7.8,8,54.5,C+
103,Stud0132,8.5,12,1.1,2.8,5.5,3,32.9,F
103,Stud0133,27,25,3.5,5.7,7.5,8,76.7,A0
103,Stud0134,17.5,0,0.6,3,7.2,4,32.3,F
103,Stud0135,24.5,22,2.5,5.7,7.7,8,70.4,B+
103,Stud0136,23,21,3.3,6.6,5.5,8,67.4,B+
103,Stud0137,14.5,16.5,0.9,5.9,7.9,8,53.7,C+
103,Stud0138,30,15.5,0.5,4.7,6.4,5,62.1,B0
103,Stud0139,24.5,16.5,1.8,5,6.8,8,62.6,B+
109,Stud0140,7.5,1,2.4,5.3,2.4,7.8,26.4,F
109,Stud0141,9.5,5.5,3.8,1.6,3.3,7.8,31.5,F
109,Stud0142,13.5,9,2.4,3.5,-0.5,5.5,33.4,F
109,Stud0143,17,11,3.4,5.8,5.4,7.6,50.2,C0
109,Stud0144,24,22.5,5.6,6.1,6.3,7.6,72.1,B+
109,Stud0145,15.5,7,3.7,2.9,4.4,7.1,40.6,D+
109,Stud0146,29.5,28,7.4,7,6.8,8,86.7,A+
109,Stud0147,13.5,7.5,3.8,7,4,8,43.8,D+
109,Stud0148,31.5,22,5.4,3.1,4.2,7.6,73.8,A0
109,Stud0149,22.5,27,7,6,7.9,8,78.4,A0
109,Stud0150,20.5,11,5,6.9,7.7,8,59.1,B+
109,Stud0151,15.5,8.5,2.5,3.4,-0.3,8,37.6,D+
109,Stud0152,2,2.5,1.2,5.9,2.3,8,21.9,F
109,Stud0153,21,0,2.9,3.9,3.3,0,31.1,F
109,Stud0154,14,8,5.4,7,5.1,8,47.5,D+
109,Stud0155,24,0,1.3,3.3,2.6,0,31.2,F
109,Stud0156,17,16.5,5.9,6.8,4.8,8,59,C+
109,Stud0157,22.5,19,3.3,4.9,1.7,7.6,59,C+
109,Stud0158,30.5,14,5.7,6.6,5.2,8,70,B+
109,Stud0159,33,19.5,6.9,6,6.4,7.6,79.4,A0
109,Stud0160,17,12,5.8,3.1,6.9,8,52.8,C0
109,Stud0161,8,1,0.6,4.3,0,7.1,21,F
109,Stud0162,27,28,7.5,7,8,8,85.5,A0
109,Stud0163,17,18,6.9,1.5,6,7.4,56.8,C0
211,Stud0164,19.5,13,3.6,0,8,8,52.1,C+
211,Stud0165,31,27.5,6.4,0,7.9,8,80.8,A+
211,Stud0166,19,26,5.5,0,7.7,8,66.2,B+
211,Stud0167,25.5,14,4.6,0,5.5,8,57.6,B0
211,Stud0168,25,21,2.7,0,7.3,8,64,B+
211,Stud0169,23,19.5,5.9,0,6.8,8,63.2,B+
211,Stud0170,19.5,21.5,3.3,0,6,8,58.3,B0
211,Stud0171,16,12.5,3.3,0,2.5,8,42.3,D+
211,Stud0172,21.5,15.5,4.7,0,5.2,8,54.9,B0
211,Stud0173,12,7.5,3.1,0,6.9,8,37.5,F
211,Stud0174,24.5,14.5,4.3,0,7.1,8,58.4,B0
211,Stud0175,25,10.5,2.2,0,7.6,8,53.3,C+
211,Stud0176,26,0,4.4,0,7.1,8,45.5,C0
211,Stud0177,28.5,32,5.4,0,7,8,80.9,A+
211,Stud0178,26,10.5,2.9,0,8,8,55.4,B0
211,Stud0179,33.5,11,4.5,0,7.2,8,64.2,B+
211,Stud0180,33.5,22.5,4.8,0,7.9,8,76.7,A+
211,Stud0181,15.5,16.5,4.6,0,8,8,52.6,C+
211,Stud0182,19.5,21,4.6,0,7.9,8,61,B0
211,Stud0183,29,26,5.3,0,8,8,76.3,A0
211,Stud0184,20,20,6.7,0,8,8,62.7,B+
211,Stud0185,28.5,26.5,4.7,0,8,8,75.7,A0
211,Stud0186,20.5,8.5,3.6,0,7.4,8,48,C0
211,Stud0187,28,17.5,4.7,0,8,8,66.2,B+
211,Stud0188,19,16.5,3.6,0,6.6,8,53.7,B0
211,Stud0189,22,12.5,4.6,0,6.5,8,53.6,C+
211,Stud0190,31,22,6.6,0,7.9,8,75.5,A0
211,Stud0191,18,14.5,3.4,0,5.4,8,49.3,C+
211,Stud0192,20,8.5,3.7,0,7.2,8,47.4,C0
211,Stud0193,14,14.5,3.7,0,6.1,8,46.3,C0
211,Stud0194,31.5,24.5,4.7,0,8,8,76.7,A+
211,Stud0195,32,28,5.1,0,8,8,81.1,A+
211,Stud0196,19,23,4.8,0,8,8,62.8,B+
211,Stud0197,21,22,3.6,0,7.5,8,62.1,B0
211,Stud0198,27.5,20,4.8,0,7.7,8,68,B+
211,Stud0199,20.5,20.5,3.4,0,8,8,60.4,B0
211,Stud0200,23,14.5,3.3,0,4,8,52.8,C+
211,Stud0201,35,27,2.7,0,5.7,8,78.4,A+
211,Stud0202,26,24.5,3.7,0,7.9,8,70.1,A0
211,Stud0203,0,0,1.2,0,0,0,1.2,F
212,Stud0204,31.5,28,7.4,4.8,7.9,8,87.6,A+
212,Stud0205,19,12.5,5.1,2.4,6.8,2,47.8,C0
212,Stud0206,18,20,4.8,4.4,3.3,5,55.5,C+
212,Stud0207,31,25.5,6.8,7,8,8,86.3,A+
212,Stud0208,22.5,28,5.8,3.8,5.9,8,74,A0
212,Stud0209,20.5,20.5,4.6,3.3,3.2,6,58.1,B0
212,Stud0210,25,17.5,4.1,6,8,8,68.6,B+
212,Stud0211,26,23,6.4,7,7.2,8,77.6,A0
212,Stud0212,24.5,20.5,6.2,4.8,7.8,8,71.8,B+
212,Stud0213,30,23.5,7.5,7,7.9,8,83.9,A0
212,Stud0214,33.5,27,6.9,6.1,7.3,8,88.8,A+
212,Stud0215,7.5,1,2.3,0.8,6,0.5,18.1,F
212,Stud0216,27.5,23.5,7,7,7.5,8,80.5,A0
212,Stud0217,29,27,6.7,6.8,7.8,8,85.3,A+
212,Stud0218,33,25,7.1,7,6.3,8,86.4,A+
212,Stud0219,29.5,16.5,7.3,6.7,8,8,76,A0
212,Stud0220,28,25,6.4,7,7.7,8,82.1,A0
212,Stud0221,19.5,21,7.2,6.7,8,8,70.4,B+
212,Stud0222,22.5,15.5,5.6,6.3,7.6,8,65.5,B0
212,Stud0223,31,27,6.9,6.4,7.8,8,87.1,A+
212,Stud0224,24.5,22,5.1,6.8,6.8,8,73.2,A0
212,Stud0225,31,21,6.7,7,8,4.1,77.8,A0
212,Stud0226,33,29.5,6.7,7,7.9,8,92.1,A+
212,Stud0227,31.5,32.5,6.7,7,7.4,8,93.1,A+
212,Stud0228,23,22,6,7,6.9,8,72.9,B+
212,Stud0229,32.5,17,4.8,6.1,6.3,5,71.7,B+
212,Stud0230,25.5,16,5.4,7,6.6,4.3,64.8,B0
212,Stud0231,27.5,29,7,6.9,7.6,8,86,A+
212,Stud0232,15.5,14.5,5.7,3,8,8,54.7,C+
212,Stud0233,21,13,4,3,8,8,57,C+
212,Stud0234,24,28.5,6.4,6.6,7.8,4,77.3,A0
212,Stud0235,30.5,25,5.4,7,8,8,83.9,A0
212,Stud0236,12.5,21.5,5.5,6.8,7.8,8,62.1,B0
212,Stud0237,16.5,11.5,4.3,3.7,7.2,8,51.2,C0
212,Stud0238,24.5,16.5,4.7,7,7.6,5.1,65.4,B0
212,Stud0239,25.5,22.5,5.3,6.7,7.9,8,75.9,A0
212,Stud0240,25.5,26.5,6.1,6.6,7.3,8,80,A0
212,Stud0241,24.5,23.5,4.7,5.4,4.5,5,67.6,B+
212,Stud0242,9.5,6.5,2.8,2.4,2.1,5,28.3,F
212,Stud0243,21,23,5.6,7,7.1,8,71.7,B+
212,Stud0244,34,24.5,6.6,7,7.3,8,87.4,A+
212,Stud0245,17,13.5,4.3,6.1,5,8,53.9,C0
212,Stud0246,25.5,24,6,6.7,7.9,8,78.1,A0
212,Stud0247,35,29,6.5,6.6,7.6,8,92.7,A+
212,Stud0248,19,14,5.9,3.3,7.9,4,54.1,C0
213,Stud0249,21.5,17.5,6.6,6.6,7.3,8,67.5,B0
213,Stud0250,27,15,6.4,6.7,7.4,8,70.5,B+
213,Stud0251,23.5,19,5.4,5.8,8,8,69.7,B0
213,Stud0252,25.5,13,5.9,6.9,8,8,67.3,B0
213,Stud0253,7,12,3.3,3.7,4.1,8,38.1,F
213,Stud0254,18.5,13.5,5.2,6.8,3,8,55,C0
213,Stud0255,12,10.5,5,6.1,4,8,45.6,F
213,Stud0256,29.5,19,5.8,5.5,7.9,8,75.7,B+
213,Stud0257,23.5,16,6.4,7,8,8,68.9,B0
213,Stud0258,23.5,18,5.9,6.9,7.9,8,70.2,B+
213,Stud0259,20,32,7,6.9,7.9,8,81.8,A0
213,Stud0260,20.5,23,6.1,6.9,8,8,72.5,B+
213,Stud0261,11.5,17.5,6.1,6.7,8,8,57.8,C0
213,Stud0262,23,18.5,6.4,6.9,8,8,70.8,B+
213,Stud0263,14,5,6,6.8,7.4,8,47.2,D+
213,Stud0264,19,20,6.9,6.9,8,8,68.8,B0
213,Stud0265,18,8.5,5.3,6,7.5,8,53.3,D+
213,Stud0266,32.5,25.5,6.2,6.7,7.1,8,86,A+
213,Stud0267,12.5,12.5,5,5.4,7.2,8,50.6,D+
213,Stud0268,18.5,12.5,6.4,5.7,6.8,8,57.9,C0
213,Stud0269,11.5,17,6.3,6.8,8,8,57.6,C0
213,Stud0270,8.5,6.5,4.2,5.4,3,8,35.6,F
213,Stud0271,13,17,5.4,6.9,7.4,8,57.7,C0
213,Stud0272,18,22.5,6.3,6.9,8,8,69.7,B+
213,Stud0273,11.5,9.5,4.7,7,7.9,8,48.6,D+
213,Stud0274,17.5,15,5.9,6.9,7.8,8,61.1,B0
213,Stud0275,16.5,16.5,6.6,4.5,7,8,59.1,C0
213,Stud0276,18.5,18,6.1,6.7,7.9,8,65.2,B0
213,Stud0277,25,22.5,6.2,6.8,8,8,76.5,A0
213,Stud0278,13,8,3.9,3.5,-0.2,5.2,33.4,F
213,Stud0279,27,26,6.5,6.7,5.7,8,79.9,A0
213,Stud0280,29,23.5,5,6.9,4.7,8,77.1,A0
213,Stud0281,20,11.5,5.5,6.9,7.3,8,59.2,C+
213,Stud0282,10.5,2.5,3.5,3,0.9,8,28.4,F
213,Stud0283,15,12.5,6.2,4.6,7.8,8,54.1,C0
213,Stud0284,8,17,4.1,2.3,3.2,6.6,41.2,F
213,Stud0285,10.5,9,4.6,6.4,7.3,8,45.8,F
213,Stud0286,22,25.5,6.7,7,5.4,8,74.6,B+
213,Stud0287,15,24,6.1,6.9,7.5,8,67.5,B0
213,Stud0288,20.5,24,5.7,6.6,8,8,72.8,B+
213,Stud0289,24.5,22,6.4,6.9,8,8,75.8,B+
213,Stud0290,2.5,4,1.8,4.8,7,8,28.1,F
213,Stud0291,22.5,19.5,6.4,7,7.9,8,71.3,B+
213,Stud0292,16,12.5,6,6.6,8,8,57.1,C0
213,Stud0293,27,25,6.5,5.7,6.3,8,78.5,A0
213,Stud0294,13.5,17.5,6,6.5,7.7,8,59.2,C+
213,Stud0295,18.5,25.5,6.4,6.9,7.7,8,73,B+
213,Stud0296,8,16,5.3,6.8,6.4,8,50.5,D+
213,Stud0297,10,9,5.3,5.8,6.6,8,44.7,F
213,Stud0298,13.5,8.5,4.4,0.5,2.7,8,37.6,F
213,Stud0299,27,21.5,6.6,7,6.4,8,76.5,A0
213,Stud0300,18.5,8,4.8,4.2,7.1,8,50.6,D+
213,Stud0301,23,15,4,5.7,5.2,8,60.9,C+
218,Stud0302,11.5,8,4.4,4.5,7.4,7.6,43.4,D+
218,Stud0303,4,1,0.8,6,7.1,8,26.9,F
218,Stud0304,20,9.5,4,6,7.9,7.8,55.2,C+
218,Stud0305,7,12,2.6,4,2.7,7.8,36.1,F
218,Stud0306,16,8.5,4.5,4.5,4.9,7.6,46,C0
218,Stud0307,6.5,7,3.3,4.6,4.7,6.8,32.9,F
218,Stud0308,26.5,23,6.7,5.6,5.6,8,75.4,A0
218,Stud0309,20.5,23.5,7.2,7,6.8,8,73,B+
218,Stud0310,20,16,4.6,4.5,7.7,7.6,60.4,C+
218,Stud0311,15,19,4.4,6.4,7.7,8,60.5,C+
218,Stud0312,25.5,5,2.9,2.4,0.4,7.3,43.5,D+
218,Stud0313,26,14,4.4,7,7,8,66.4,B+
218,Stud0314,13.5,11,4.1,5.8,4.9,7.8,47.1,C0
218,Stud0315,35,12.5,4.1,4.3,3.4,7.1,66.4,B0
218,Stud0316,26.5,23,5.6,7,8,7.6,77.7,A0
218,Stud0317,17,17,5.7,6.1,7.3,8,61.1,C+
218,Stud0318,25,20,4.5,4.9,6.1,8,68.5,B+
218,Stud0319,24.5,14.5,4.7,6.8,4.7,7.6,62.8,B0
218,Stud0320,20,20,5.6,6.1,4.5,8,64.2,B0
218,Stud0321,19,9,1.5,4.4,2.3,7.1,43.3,F
218,Stud0322,15.5,12.5,2.8,6.9,3.4,7.6,48.7,C0
218,Stud0323,26.5,26.5,7.4,5.4,5.9,7.8,79.5,A0
218,Stud0324,19.5,14.5,3.3,4.1,5.2,7.6,54.2,C0
218,Stud0325,22,22.5,5.9,5.8,7.4,7.6,71.2,B+
218,Stud0326,7,2.5,1.8,2.9,3.8,7.3,25.3,F
218,Stud0327,20.5,14,4.2,7,7.3,8,61,C+
218,Stud0328,20,15.5,3.6,4.3,5.8,8,57.2,C+
218,Stud0329,14.5,15,2.4,2.5,5.3,8,47.7,C0
218,Stud0330,0,0,0,0,0,0,0,F
219,Stud0331,27.5,15.5,7.1,7,6.5,8,71.6,B+
219,Stud0332,21.5,12,5.8,7,7.7,8,62,C+
219,Stud0333,0,0,0,4.8,0,0,4.8,F
219,Stud0334,7.5,6,3.5,6,1.2,7,31.2,F
219,Stud0335,19.5,12,5,6,5.6,8,56.1,C+
219,Stud0336,30,15,4.9,6.5,5.9,7,69.3,B+
219,Stud0337,17.5,9.5,4,6,6.2,8,51.2,C0
219,Stud0338,27.5,17.5,6.2,5.8,7.7,8,72.7,B+
219,Stud0339,23,10,2.4,5.8,4.9,7,53.1,C0
219,Stud0340,9,3,1.1,6,3.4,6,28.5,F
219,Stud0341,14.5,5,5.4,6.5,3.8,7,42.2,F
219,Stud0342,23.5,24,6.4,7,6.6,8,75.5,B+
219,Stud0343,20,21.5,6.3,7,6.5,7,68.3,B+
219,Stud0344,15.5,14.5,3.5,5.3,2.3,6,47.1,C0
219,Stud0345,22,12,4.9,7,6.2,8,60.1,C+
219,Stud0346,25.5,17.5,6.6,6.8,6.3,8,70.7,B+
219,Stud0347,32,13.5,5.4,7,7.5,7,72.4,B+
219,Stud0348,24,22.5,7.5,6.5,7.8,8,76.3,B+
219,Stud0349,9,0,2.7,4.8,5.5,6,28,F
219,Stud0350,13.5,0,4.3,7,4.6,8,37.4,F
219,Stud0351,27.5,12.5,6.4,6.5,6.9,8,67.8,B0
219,Stud0352,32.5,21,6.2,6.8,7.7,8,82.2,A0
219,Stud0353,11.5,8,1.6,5.8,4,8,38.9,F
219,Stud0354,10,22.5,6.2,7,8,8,61.7,C+
321,Stud0355,21,22,6.8,7,7.6,8,72.4,B+
321,Stud0356,23.5,19,6.3,7,6.6,8,70.4,B+
321,Stud0357,17.5,0,1,0,0,0,18.5,F
321,Stud0358,24,26.5,6.9,6.8,6.7,8,78.9,A0
321,Stud0359,16.5,14,4.2,5.3,3.4,8,51.4,D+
321,Stud0360,29,30,7,7,7.9,8,88.9,A+
321,Stud0361,35,33,7.7,7,7.9,8,98.6,A+
321,Stud0362,28,28,6.6,6.5,7.5,8,84.6,A+
321,Stud0363,9.5,10.5,3.2,6.3,6,7,42.5,F
321,Stud0364,34,17.5,7,6.5,7.1,8,80.1,A0
321,Stud0365,28,26,7.4,7,7.9,8,84.3,A0
321,Stud0366,13.5,7.5,2.5,6.5,7.7,8,45.7,F
321,Stud0367,17.5,19.5,6,6.5,5.1,8,62.6,C+
321,Stud0368,23.5,11.5,6.6,6.8,5.1,8,61.5,C+
321,Stud0369,29.5,27.5,7.7,7,7.8,8,87.5,A+
321,Stud0370,23.5,27.5,5,7,5.6,8,76.6,A0
321,Stud0371,27.5,21.5,7,7,6.5,8,77.5,A0
321,Stud0372,19,20.5,6,7,6.2,8,66.7,B+
321,Stud0373,23,28,6.3,6.8,7.9,8,80,A0
321,Stud0374,27,3.5,2.8,5.8,6.6,8,53.7,C0
321,Stud0375,16,16,5.9,6.3,7.7,8,59.9,C+
321,Stud0376,25.5,17.5,6.3,6.5,7.3,8,71.1,B+
321,Stud0377,23.5,18.5,2.9,4.5,5.7,7,62.1,C+
321,Stud0378,12,4.5,4.2,5.8,1.4,8,35.9,F
321,Stud0379,25.5,25.5,5.2,6.3,7,8,77.5,A0
321,Stud0380,5,10.5,2.6,6.3,7,8,39.4,F
321,Stud0381,31.5,29.5,6.8,7,6.1,8,88.9,A+
321,Stud0382,21.5,20.5,5.9,6.5,8,8,70.4,B+
321,Stud0383,22.5,21.5,5.5,6.3,5.6,8,69.4,B+
321,Stud0384,32,21.5,7.2,7,8,8,83.7,A0
321,Stud0385,13.5,12.5,4.3,6,7.7,8,52,C0
321,Stud0386,21.5,24,6.3,6.8,6.5,8,73.1,B+
321,Stud0387,31.5,32,6.9,6.5,7.7,8,92.6,A+
321,Stud0388,13,18,3.4,6,5.5,8,53.9,C0
321,Stud0389,14.5,19,6.1,7,7.4,8,62,C+
321,Stud0390,14,20.5,6.2,7,7.5,8,63.2,B0
321,Stud0391,14.5,20.5,5.5,6.8,8,8,63.3,B0
321,Stud0392,13,4.5,2.7,6,6.3,7,39.5,F
321,Stud0393,31,22,6.5,7,6.1,8,80.6,A0
322,Stud0394,17,11,3.9,7,7.7,8,54.6,C+
322,Stud0395,26,15.5,3.8,7,8,8,68.3,B+
322,Stud0396,28,27.5,5.7,7,7.5,6,81.7,A0
322,Stud0397,21.5,7.5,3.3,7,7.5,6,52.8,C0
322,Stud0398,25.5,14,2.4,5,0.8,4,51.7,C0
322,Stud0399,30,14.5,3.9,6.8,7.9,8,71.1,B+
322,Stud0400,31.5,29,5,7,6.5,8,87,A+
322,Stud0401,33,24.5,2.2,5.3,7.8,1,73.8,B+
322,Stud0402,18,18.5,5.2,6.5,8,8,64.2,B0
322,Stud0403,14.5,9,3.2,7,5.6,3,42.3,F
322,Stud0404,17,16.5,4.3,5.3,6.1,7,56.2,C+
322,Stud0405,35,24.5,5.9,4.8,6.6,8,84.8,A+
322,Stud0406,15.5,19,5.1,6.5,5.8,8,59.9,B0
322,Stud0407,18,16,3.9,6.5,5.3,4,53.7,C0
322,Stud0408,13.5,18,1.8,5.3,5.7,7,51.3,C0
322,Stud0409,33.5,22,6,7,7.1,8,83.6,A+
322,Stud0410,31,24,6,7,6.6,8,82.6,A0
322,Stud0411,23,17.5,4.6,5.3,6.1,7,63.5,B0
322,Stud0412,28.5,22.5,5.9,7,7.4,8,79.3,A0
322,Stud0413,21,0,5.4,7,7.2,8,48.6,D+
322,Stud0414,13,7.5,3.2,7,6,7,43.7,F
322,Stud0415,4,0,0.6,0,0.1,2,6.7,F
322,Stud0416,26.5,23,5.4,7,7.6,8,77.5,A0
322,Stud0417,30.5,23.5,5,6.5,7.5,7,80,A0
322,Stud0418,13.5,11.5,3.1,7,6.5,8,49.6,D+
322,Stud0419,22.5,25,6.6,7,7.8,8,76.9,A0
322,Stud0420,23.5,29,7.4,7,8,8,82.9,A+
322,Stud0421,27.5,18.5,4.6,7,7,8,72.6,B+
322,Stud0422,23.5,20,4.9,6.5,6.8,8,69.7,B+
322,Stud0423,33,25,5.7,7,7.7,8,86.4,A+
322,Stud0424,30,26,5.2,5.3,4.2,7,77.7,A0
322,Stud0425,20,17.5,5.5,7,6.8,8,64.8,B0
322,Stud0426,33.5,23,6.3,7,6.4,8,84.2,A+
322,Stud0427,20,19,4.3,7,4.8,8,63.1,B0
322,Stud0428,27,24.5,5.1,7,7.9,8,79.5,A0
322,Stud0429,22,11.5,3.9,6.8,8,7,59.2,B0
322,Stud0430,23,17,2.8,4.5,3.5,7,57.8,C+
322,Stud0431,19,10.5,0.9,7,7.4,5,49.8,C0
322,Stud0432,35,25,5.4,6.8,6,7,85.2,A+
322,Stud0433,19.5,12,4.7,7,6,8,57.2,C+
323,Stud0434,25.5,9,2.8,7,5.2,6,55.5,C0
323,Stud0435,18,18.5,6.6,7,5.9,8,64,B0
323,Stud0436,16.5,17.5,6.6,7,5.3,7,59.9,C+
323,Stud0437,20,19,5.8,7,6.1,8,65.9,B0
323,Stud0438,21.5,16,5.8,7,7.9,8,66.2,B0
323,Stud0439,24,16,6.7,7,7.8,8,69.5,B0
323,Stud0440,23,21,6.7,7,4.8,8,70.5,B+
323,Stud0441,21.5,2.5,3,7,5.9,5,44.9,D+
323,Stud0442,24.5,11.5,6.3,7,6.7,8,64,B0
323,Stud0443,19,13.5,3.6,7,4.5,5,52.6,C0
323,Stud0444,23.5,25,6.3,7,7.9,6,75.7,A0
323,Stud0445,10.5,4.5,3,4.7,4.2,5,31.9,F
323,Stud0446,18,22,5.9,7,6.9,8,67.8,B0
323,Stud0447,22.5,25,5,7,4.5,8,72,B+
323,Stud0448,29,27,6.2,7,5.6,7,81.8,A0
323,Stud0449,26,12,6.5,7,6.7,8,66.2,B0
323,Stud0450,16,14,3.4,7,6.2,8,54.6,C0
323,Stud0451,15,18,7,7,6.5,8,61.5,C+
323,Stud0452,28.5,11.5,4.6,4.7,5.1,6,60.4,C+
323,Stud0453,18.5,17,6.6,7,7.1,8,64.2,B0
323,Stud0454,12.5,16.5,6.4,7,7,8,57.4,C+
323,Stud0455,19,8,6.5,7,6.8,8,55.3,C0
323,Stud0456,23,27,7.3,7,6.6,8,78.9,A0
323,Stud0457,18,15.5,1.6,0,5.4,4,44.5,D+
323,Stud0458,26,23,6.8,7,7.8,8,78.6,A0
323,Stud0459,31,18,7,7,8,8,79,A0
323,Stud0460,30,8.5,3.9,4.7,6.3,8,61.4,C+
323,Stud0461,22,17.5,6.7,7,6.8,6,66,B0
323,Stud0462,30.5,17.5,6.3,7,5.8,8,75.1,A0
323,Stud0463,19,18,5.1,7,7.4,8,64.5,B0
323,Stud0464,24.5,18,6.1,7,7.5,8,71.1,B+
323,Stud0465,26,19,6.1,7,6.2,6,70.3,B+
323,Stud0466,5,13.5,3.5,7,5.3,7,41.3,F
323,Stud0467,23,12.5,6.1,7,6.9,7,62.5,C+
323,Stud0468,25.5,17.5,6.1,4.7,7.2,8,69,B0
323,Stud0469,26.5,24.5,7.3,7,7.1,8,80.4,A0
323,Stud0470,14,12,7,7,7.4,8,55.4,C0
323,Stud0471,19.5,17.5,5.2,7,4.1,7,60.3,C+
323,Stud0472,19,5,4.6,2.3,5.5,7,43.4,F
323,Stud0473,11,20.5,4.6,7,6.6,8,57.7,C+
323,Stud0474,17,14,3.4,7,8,8,57.4,C+
323,Stud0475,20,4.5,4.4,7,6.7,7,49.6,D+
323,Stud0476,23,12.5,4.3,7,7.9,7,61.7,C+
323,Stud0477,18.5,14,6.5,7,6.9,8,60.9,C+
323,Stud0478,26,27.5,6.4,7,6.6,8,81.5,A0
323,Stud0479,27,24.5,7.4,7,8,8,81.9,A0
323,Stud0480,9.5,21.5,5.2,7,8,6,57.2,C0
323,Stud0481,29,15.5,7.2,7,8,7,73.7,B+
323,Stud0482,26.5,23,6.1,7,7.9,8,78.5,A0
323,Stud0483,20.5,20,6.2,7,7.9,8,69.6,B+
323,Stud0484,30.5,22,7.9,7,7.3,8,82.7,A+
323,Stud0485,26.5,26.5,7.3,7,6.5,8,81.8,A0
323,Stud0486,17,11,5.3,7,7.4,8,55.7,C0
323,Stud0487,17.5,17,7,7,7.3,8,63.8,B0
323,Stud0488,17.5,13.5,4.6,7,6.7,7,56.3,C0
323,Stud0489,15,24,4.8,7,7,7,64.8,B0
323,Stud0490,12.5,9.5,5,7,6.9,8,48.9,D+
323,Stud0491,16,6.5,3.3,7,4.7,8,45.5,D+
323,Stud0492,0,0,0.5,0,2.8,0,3.3,F
323,Stud0493,18,2.5,3.1,4.7,3.3,6,37.6,F
323,Stud0494,22.5,16,4.8,7,7.3,7,64.6,B0
323,Stud0495,26.5,26,6.5,7,7.7,7,80.7,A0
323,Stud0496,12,7,4.6,7,4.9,8,43.5,F
323,Stud0497,16,12.5,5.7,7,6.1,7,54.3,C0
329,Stud0498,16.5,15,4.9,6.5,3.7,8,54.6,C+
329,Stud0499,22.5,9.5,2.5,6.5,3.8,7,51.8,C+
329,Stud0500,29.5,18,6.2,7,5.1,8,73.8,B+
329,Stud0501,20.5,17.5,4.5,6.7,6.4,7,62.6,B0
329,Stud0502,23.5,16.5,3.8,4.7,5.4,6,59.9,B0
329,Stud0503,5,2,2.9,3,1.4,8,22.3,F
329,Stud0504,27,13,6.5,6.8,7.6,8,68.9,B0
329,Stud0505,22,16.5,4.9,6.7,6.2,8,64.3,B0
329,Stud0506,29.5,18,6.7,7,7,8,76.2,B+
329,Stud0507,32,21,7.6,7,7.7,8,83.3,A0
329,Stud0508,24,32.5,7.7,7,7.1,8,86.3,A+
329,Stud0509,28,18.5,6.3,7,7.5,8,75.3,B+
329,Stud0510,20.5,23,6.4,7,7.4,8,72.3,B+
329,Stud0511,25.5,21.5,6.3,7,6.8,8,75.1,B+
329,Stud0512,2.5,8,0.8,3,1.8,7,23.1,F
329,Stud0513,18.5,13.5,2.8,7,0.9,8,50.7,C0
329,Stud0514,0,0,0,1,-1,0,0,F
329,Stud0515,15,18.5,6.5,7,6,8,61,B0
329,Stud0516,18.5,18.5,4.4,6.8,5,6,59.2,C+
329,Stud0517,13,5,3.7,4.7,3.1,8,37.5,D+
329,Stud0518,16,12.5,4.9,5,2.4,8,48.8,C0
329,Stud0519,19,5.5,4.9,7,6.1,8,50.5,C0
329,Stud0520,29.5,19.5,6.7,7,8,8,78.7,A0
329,Stud0521,29.5,22.5,5.9,7,6.9,8,79.8,A0
329,Stud0522,18.5,19.5,5.8,7,7.3,8,66.1,B0
329,Stud0523,8,0,2.6,7,2.5,6,26.1,F
329,Stud0524,22.5,16,4.1,7,5.5,8,63.1,B0
329,Stud0525,30.5,25.5,7.5,7,5.7,8,84.2,A+
329,Stud0526,15.5,11,1.3,4.7,6.9,8,47.4,D+
329,Stud0527,29.5,0,1.8,2.7,2.4,0,36.4,F
329,Stud0528,25,17.5,5.8,7,6.2,8,69.5,B+
431,Stud0529,30.5,23.5,7.3,6.5,8,8,83.8,A0
431,Stud0530,24,23,6.1,3.8,7.8,8,72.7,B+
431,Stud0531,25,21,6.4,4.3,7.3,8,72,B+
431,Stud0532,14.5,12.5,3.4,1,7.4,8,46.8,C0
431,Stud0533,26.5,21.5,6.1,4.8,8,8,74.9,A0
431,Stud0534,18,16.5,2.5,1.3,8,7,53.3,C0
431,Stud0535,27.5,21,5.6,5,7.9,8,75,A0
431,Stud0536,29,29.5,7.4,6.5,6.4,8,86.8,A+
431,Stud0537,13,15,6.6,4.3,7.4,8,54.3,C+
431,Stud0538,13.5,8,2.3,1.5,0,5,30.3,F
431,Stud0539,31.5,21.5,5.1,5.3,8,8,79.4,A0
431,Stud0540,18,20.5,4.5,3.8,5.8,6,58.6,C+
431,Stud0541,22,16,6.6,4,7.2,8,63.8,B0
431,Stud0542,5.5,3.5,4.3,2.3,6.7,8,30.3,F
431,Stud0543,0,0,1,0,4,0,5,F
431,Stud0544,11,0,2.7,1.3,2.9,6,23.9,F
431,Stud0545,25.5,12.5,5.5,5.5,7,8,64,B0
431,Stud0546,23,22,4,3.3,8,8,68.3,B+
431,Stud0547,28.5,23.5,7.4,6.8,8,8,82.2,A0
431,Stud0548,22.5,10,5.4,4.8,7.4,8,58.1,C+
431,Stud0549,25,25,4,2,8,7,71,B+
431,Stud0550,23.5,0,2.5,2.3,5.5,0,33.8,D+
431,Stud0551,17.5,14.5,5.2,3.3,7.8,8,56.3,C+
431,Stud0552,27.5,22.5,7.2,5.5,7.4,8,78.1,A0
431,Stud0553,30.5,17,5.1,3.5,5.5,8,69.6,B+
431,Stud0554,24.5,27,7,6.8,7,8,80.3,A0
431,Stud0555,13.5,13.5,4.8,2.5,1.8,8,44.1,D+
431,Stud0556,30.5,22.5,6.9,6.5,7.7,8,82.1,A0
431,Stud0557,23.5,19,6.9,6.5,6.6,8,70.5,B+
431,Stud0558,19,27.5,4.4,3.8,4.9,7,66.6,B+
431,Stud0559,20,23.5,7.5,6.3,8,8,73.3,B+
431,Stud0560,18.5,16,6.6,4.5,5.5,8,59.1,B0
431,Stud0561,26,15,7.5,5.3,7.7,8,69.5,B+
431,Stud0562,19.5,22,6.4,3.5,5.5,8,64.9,B0
431,Stud0563,30,17,7.2,5.8,5.7,8,73.7,A0
431,Stud0564,20.5,6.5,6.4,4,5.7,7,50.1,C0
431,Stud0565,19,7.5,5.1,2.3,6.3,8,48.2,C0
431,Stud0566,18,10,7.3,3,7.7,8,54,C0
432,Stud0567,18,19,5,7,6.6,8,63.6,B0
432,Stud0568,24,21,4.7,7,7.8,7.5,72,B+
432,Stud0569,20.5,18,4.4,7,5.7,8,63.6,B0
432,Stud0570,20.5,23.5,3.5,7,8,7,69.5,B+
432,Stud0571,22,20,3.2,7,7,6.5,65.7,B0
432,Stud0572,25,26,5.1,7,7.9,7.5,78.5,A0
432,Stud0573,18,19.5,5.5,5.8,8,7.5,64.3,B0
432,Stud0574,31.5,29.5,6.7,7,7.9,8,90.6,A+
432,Stud0575,0,0,0.9,0,0.5,0,1.4,F
432,Stud0576,23,18,5.9,7,6.1,8,68,B+
432,Stud0577,27.5,19.5,5.8,7,7.7,8,75.5,B+
432,Stud0578,25,19.5,5.9,7,7.6,8,73,B+
432,Stud0579,23,19,6.3,7,8,8,71.3,B+
432,Stud0580,26.5,9,6.1,7,6.1,8,62.7,C+
432,Stud0581,20,17.5,4.2,7,6.8,8,63.5,B0
432,Stud0582,9.5,2.5,2.1,5,1.7,5.5,26.3,F
432,Stud0583,16,10.5,4.3,7,6.7,7.5,52,C0
432,Stud0584,24,17.5,5.7,7,6.3,7.5,68,B+
432,Stud0585,32.5,19.5,4.1,6.8,8,6.5,77.4,A0
432,Stud0586,18,10.5,3.1,6.5,3.9,7,49,D+
432,Stud0587,20,24,5.9,7,7.8,8,72.7,B+
432,Stud0588,22,16,6.8,7,7.8,8,67.6,B0
432,Stud0589,11,16.5,5.4,7,8,8,55.9,C0
432,Stud0590,10.5,0,1.8,4.8,4.8,0.5,22.4,F
432,Stud0591,0,24.5,6.1,7,6.2,8,51.8,D+
432,Stud0592,13,20,4.1,7,7.7,7.5,59.3,C+
432,Stud0593,35,32,6.7,7,6.9,8,95.6,A+
432,Stud0594,19.5,0,1.7,6,5,5.5,37.7,F
432,Stud0595,25.5,17.5,5.4,7,6.4,8,69.8,B+
432,Stud0596,13.5,15.5,6,7,6.5,8,56.5,C0
432,Stud0597,16,13.5,4.7,7,3.7,8,52.9,C0
432,Stud0598,16,6.5,4.9,7,6.9,8,49.3,D+
432,Stud0599,15,12.5,5.1,7,5.2,8,52.8,C0
432,Stud0600,27,22,6.9,7,7.6,8,78.5,A0
432,Stud0601,24,21,5.3,6,4.6,7,67.9,B+
432,Stud0602,17,21,7,7,6.9,8,66.9,B0
433,Stud0603,27.5,23.5,6.3,7,8,8,80.3,A0
433,Stud0604,25,16,5,7,8,8,69,B0
433,Stud0605,21,21,5.3,6.6,7.7,8,69.6,B+
433,Stud0606,16.5,6.5,3.1,6.2,4.5,8,44.8,D+
433,Stud0607,24,26,6.3,6.6,8,8,78.9,A0
433,Stud0608,25,20,5.9,6.6,6.6,8,72.1,B+
433,Stud0609,30,19.5,5.5,5.8,6.5,8,75.3,A0
433,Stud0610,17.5,12.5,4.7,6.6,4.7,8,54,C0
433,Stud0611,16.5,16.5,4.3,7,8,8,60.3,C+
433,Stud0612,28,21.5,6,6.6,8,8,78.1,A0
433,Stud0613,21,15,5.9,6.6,6.1,8,62.6,C+
433,Stud0614,10.5,19,4,6.6,6.6,8,54.7,C0
433,Stud0615,21.5,6,5.5,6.6,6.1,8,53.7,C0
433,Stud0616,33.5,24,4.7,6.6,3.6,8,80.4,A+
433,Stud0617,16,8.5,1.1,2.4,4.3,8,40.3,F
433,Stud0618,22.5,14,4.8,6.2,8,8,63.5,B0
433,Stud0619,27,26,5.1,6.6,6.6,8,79.3,A0
433,Stud0620,28,22.5,5.4,5.8,6.7,8,76.4,A0
433,Stud0621,24,16,4.8,6.2,7,8,66,B0
433,Stud0622,19.5,18.5,5.7,6.6,6.9,8,65.2,B0
433,Stud0623,16,11.5,5,6.2,7,8,53.7,C0
433,Stud0624,12.5,12.5,3.8,6.6,6.1,8,49.5,D+
433,Stud0625,24,22,6.1,6.2,7.7,8,74,A0
433,Stud0626,16,0,2.3,3.8,-1,5,26.1,F
433,Stud0627,0,0,0,0,0,5,5,F
433,Stud0628,26.5,23.5,4.5,5.2,5.6,8,73.3,B+
433,Stud0629,27.5,21,6.9,6.6,8,8,78,A0
433,Stud0630,14.5,6,4.1,6.6,3.8,8,43,D+
433,Stud0631,31.5,20.5,6.1,6.6,4.3,8,77,A0
433,Stud0632,21.5,10,5,6.6,5.3,8,56.4,C0
433,Stud0633,21.5,16,5.8,6.6,7.5,8,65.4,B0
433,Stud0634,20.5,14.5,4.1,6.6,7,8,60.7,C+
433,Stud0635,17.5,21.5,6.9,6.6,5.3,8,65.8,B0
433,Stud0636,20,25,5.7,6.6,6.8,8,72.1,B+
433,Stud0637,30,10.5,4.4,6.2,4.9,8,64,B0
433,Stud0638,27,25.5,5.2,7,7.7,8,80.4,A0
433,Stud0639,27,14,6.3,6.6,5.4,8,67.3,B0
434,Stud0640,22,20,4.9,7,8,8,69.9,B+
434,Stud0641,15,22,5.5,7,7.7,8,65.2,B0
434,Stud0642,24,21.5,3.4,7,7.6,8,71.5,B+
434,Stud0643,31.5,27.5,5.2,7,7,8,86.2,A+
434,Stud0644,25,9,3.7,5.7,4.3,8,55.7,C+
434,Stud0645,28.5,22.5,7,7,8,8,81,A0
434,Stud0646,28,24,5.5,7,7.6,8,80.1,A0
434,Stud0647,13.5,14,3.9,6.3,6.9,7,51.6,C0
434,Stud0648,23,15.5,2.8,6.3,7.2,7.8,62.6,C+
434,Stud0649,26,25.5,7,7,8,8,81.5,A0
434,Stud0650,20,15.5,5.7,7,8,8,64.2,B0
434,Stud0651,16.5,19,3.7,7,7.9,7.6,61.7,C+
434,Stud0652,26,25,5,7,6.9,8,77.9,A0
434,Stud0653,18,23.5,4.9,7,8,8,69.4,B+
434,Stud0654,27.5,28.5,5.9,7,7.9,8,84.8,A+
434,Stud0655,19,10.5,2.8,6.3,6.4,8,53,C0
434,Stud0656,31,23,6.4,7,6.4,8,81.8,A0
434,Stud0657,20.5,19.5,4.8,7,8,8,67.8,B+
434,Stud0658,25,15.5,4,7,4.5,8,64,B0
434,Stud0659,13.5,6.5,2.3,7,5.3,8,42.6,F
434,Stud0660,14,13.5,4.9,7,7,8,54.4,C0
434,Stud0661,17.5,5,2.1,5,6.6,6.2,42.4,F
434,Stud0662,21.5,14.5,5.7,7,3.7,8,60.4,C+
434,Stud0663,12,10,5.5,7,5.5,8,48,D+
434,Stud0664,24,13,4.6,7,6.7,8,63.3,B0
434,Stud0665,20,18.5,4.8,6.3,7.3,8,64.9,B0
434,Stud0666,21.5,23,5.6,7,8,8,73.1,B+
434,Stud0667,21,21.5,4.9,7,7.5,8,69.9,B+
434,Stud0668,19,0,2.8,5.7,3.3,6.6,37.4,F
434,Stud0669,28,22,7,7,6.7,8,78.7,A0
434,Stud0670,17.5,7.5,2.4,7,7.2,8,49.6,D+
434,Stud0671,30,12.5,2.9,5.7,4.7,7.8,63.6,B0
434,Stud0672,14,19.5,5.2,7,6.4,8,60.1,C+
434,Stud0673,21.5,17.5,4.7,7,7.3,8,66,B0
435,Stud0674,14,4.5,4.5,6.4,8,4,41.4,D+
435,Stud0675,17,12.5,4,5.1,6.6,8,53.2,C+
435,Stud0676,16.5,19,5.4,5.7,7,8,61.6,B+
435,Stud0677,22.5,21.5,6.4,5.7,7.1,8,71.2,B+
435,Stud0678,22,25.5,5.7,4.5,8,8,73.7,B+
435,Stud0679,24.5,23.5,5.7,4.7,7.9,8,74.3,A0
435,Stud0680,16,10,2.7,0,1.7,1,31.4,F
435,Stud0681,10,26,3.8,3.1,7.9,7,57.8,C+
435,Stud0682,23,22.5,6.2,5.4,8,8,73.1,B+
435,Stud0683,22,16.5,5,3.8,0.9,3,51.2,C+
435,Stud0684,12.5,14.5,5.2,3.7,8,8,51.9,C+
435,Stud0685,20.5,14,3,3.8,5.5,1,47.8,C0
435,Stud0686,21.5,22.5,1.6,1.5,8,4,59.1,B0
435,Stud0687,24,15,3.7,3.2,7.7,5,58.6,B0
435,Stud0688,16.5,8,4.6,6,7.3,7,49.4,C0
435,Stud0689,23.5,23.5,5.2,4.1,7.9,8,72.2,B+
435,Stud0690,19,18,3.9,3.5,6.6,5,56,C+
435,Stud0691,15.5,17.5,4.3,4.4,7.8,8,57.5,C+
435,Stud0692,25,25.5,6.7,7,7.4,8,79.6,A0
435,Stud0693,23.5,12.5,3.8,5.1,6,8,58.9,B0
435,Stud0694,19.5,13.5,4.1,3.8,7.3,5,53.2,C+
435,Stud0695,30.5,29.5,7.2,5.1,7.9,8,88.2,A+
435,Stud0696,24,9.5,3.9,5.4,7.1,7,56.9,C+
435,Stud0697,12,5.5,3.7,3.5,6.5,7,38.2,F
435,Stud0698,21,25,5,3.8,7.6,8,70.4,B+
435,Stud0699,15.5,10.5,2.2,3.8,5.1,5,42.1,D+
435,Stud0700,15.5,8,3,4.5,5,6,42,D+
435,Stud0701,13,10.5,2.7,3.2,7.4,4,40.8,D+
435,Stud0702,14.5,17.5,5.1,2.8,3.8,1,44.7,D+
435,Stud0703,10.5,7.5,5.4,5.4,7.8,8,44.6,D+
435,Stud0704,12.5,5.5,2.6,4.1,6.3,3,34,F
435,Stud0705,19,10.5,2.4,2.5,6.8,3,44.2,D+
435,Stud0706,15,10,3.5,6,6.9,6,47.4,C0
435,Stud0707,18,11.5,4.8,4.5,7.8,8,54.6,C+
435,Stud0708,14.5,6.5,2.9,2.9,4.5,7,38.3,F
435,Stud0709,33,19,6.6,6.4,7.5,8,80.5,A0
435,Stud0710,27,18.5,5.6,5.1,8,6,70.2,B+
435,Stud0711,15.5,25,5.3,5.1,7.7,7,65.6,B+
435,Stud0712,20.5,21.5,4.8,2.5,5.4,5,59.7,B0
435,Stud0713,20,1,3.5,2.5,3.8,7,37.8,F
435,Stud0714,18,11,5.4,3.2,6.2,6,49.8,C0
435,Stud0715,18,4.5,4,1.9,2.9,8,39.3,F
435,Stud0716,25,15.5,4.2,4.8,4.6,5,59.1,B0
435,Stud0717,26.5,10.5,3,2.3,2,4,48.3,C0
435,Stud0718,7,3,0.5,1.3,0.3,1,13.1,F
435,Stud0719,24,23,4.8,2.5,5.4,6,65.7,B+
435,Stud0720,10,18.5,4.2,3.2,5.2,6,47.1,C0
435,Stud0721,18.5,13,3.3,3.8,6.3,6,50.9,C0
435,Stud0722,13,0,3.2,2.2,2.4,1,21.8,F
435,Stud0723,16.5,13.5,5.7,3.8,7,4,50.5,C0
435,Stud0724,18.5,14.5,6.3,4.5,6.6,8,58.4,B0
435,Stud0725,18.5,8,3.9,0.6,5.8,4,40.8,D+
435,Stud0726,17.5,18,3.7,0.6,5.4,6,51.2,C+
435,Stud0727,7.5,4,2.9,2.8,5.4,8,30.6,F
438,Stud0728,5.5,0,4.2,7,5.5,8,30.2,F
438,Stud0729,22.5,18.5,6.5,7,6.2,8,68.7,B+
438,Stud0730,9.5,13.5,5.5,7,4.1,8,47.6,F
438,Stud0731,21.5,22,6.4,7,6.6,8,71.5,B+
438,Stud0732,22.5,16.5,6.4,7,7.6,8,68,B0
438,Stud0733,14.5,14.5,2.5,7,5.5,8,52,C0
438,Stud0734,19,27,5.4,7,6.6,8,73,B+
438,Stud0735,20.5,20,6.3,7,6.7,8,68.5,B0
438,Stud0736,32.5,17,6.9,7,4.8,8,76.2,A0
438,Stud0737,11.5,4.5,5.8,7,5.2,8,42,F
438,Stud0738,25,23.5,6.2,7,7.7,8,77.4,A0
438,Stud0739,11,9.5,6.4,7,8,8,49.9,D+
438,Stud0740,15.5,20.5,5.9,7,4.8,8,61.7,C+
438,Stud0741,15.5,20,4.2,7,7.7,8,62.4,C+
438,Stud0742,17.5,4.5,3.1,2.3,0,8,35.4,F
438,Stud0743,35,29.5,7.5,7,6.5,8,93.5,A+
438,Stud0744,10.5,10.5,3.7,7,6.4,8,46.1,F
438,Stud0745,17.5,10,6,7,7.8,8,56.3,C0
438,Stud0746,16.5,3,1.4,4.7,0,8,33.6,F
438,Stud0747,7,4.5,4.9,7,7.7,8,39.1,F
438,Stud0748,24,27.5,6.9,7,7.6,8,81,A0
438,Stud0749,13,9.5,5.5,7,7.2,8,50.2,D+
438,Stud0750,28.5,16,2.9,7,6.3,8,68.7,B0
438,Stud0751,12.5,14,2.2,7,4,8,47.7,D+
438,Stud0752,22,24,5.5,7,7,8,73.5,B+
438,Stud0753,0,0,0.9,0,1.9,8,10.8,F
439,Stud0754,0,2,1.6,1.2,0.4,6,11.2,F
439,Stud0755,23,8,4.7,6.2,3.7,7,52.6,C0
439,Stud0756,4.5,15,3.8,7,6.1,8,44.4,D+
439,Stud0757,12,0,0.9,0,0.5,0,13.4,F
439,Stud0758,25.5,20.5,6.5,6.4,7,8,73.9,B+
439,Stud0759,7,2.5,0.5,0.2,1.9,2,14.1,F
439,Stud0760,28.5,24,6.7,6.6,7,8,80.8,A0
439,Stud0761,18.5,28,5.2,7,7.6,8,74.3,B+
439,Stud0762,23.5,12.5,6.6,6.4,6.4,6,61.4,B0
439,Stud0763,18.5,17.5,6,4.4,5.5,6,57.9,C+
439,Stud0764,35,28,7.8,7,7.7,8,93.5,A+
439,Stud0765,22.5,14.5,7.6,7,6.2,8,65.8,B+
439,Stud0766,22,18.5,2.8,5.6,6.7,5,60.6,C+
439,Stud0767,35,25,5.2,6.6,7,8,86.8,A+
439,Stud0768,26.5,0,5.8,4,8,4,48.3,D+
439,Stud0769,19.5,23,7.1,3.4,5.7,7,65.7,B0
439,Stud0770,20,2.5,3,4.2,4.3,5,39,F
439,Stud0771,18,6,3.7,4.6,6.2,8,46.5,D+
439,Stud0772,19.5,28,6.7,6.6,7.4,7,75.2,B+
439,Stud0773,23.5,26.5,6.2,6.4,8,8,78.6,A0
439,Stud0774,27,19,6.6,7,8,8,75.6,B+
439,Stud0775,28,26,6.1,6.6,6.8,7,80.5,A0
439,Stud0776,6.5,3.5,3.1,4,4.6,5,26.7,F
439,Stud0777,9,3,2.2,2,1.8,3,21,F
439,Stud0778,25,26.5,7.4,7,5.9,8,79.8,A0
439,Stud0779,22,14.5,5.4,6.8,5.4,8,62.1,B0
541,Stud0780,33.5,20,8,7,7.9,8,84.4,A0
541,Stud0781,17.5,17.5,6.5,6.9,7.4,8,63.8,B0
541,Stud0782,17,17.5,5.3,7,8,8,62.8,C+
541,Stud0783,26,10,4.6,7,6.3,8,61.9,C+
541,Stud0784,28,21.5,6.4,6.9,6.8,8,77.6,A0
541,Stud0785,13,0,2.3,3.5,2.6,0,21.4,F
541,Stud0786,25,21,5.6,6.3,4.9,8,70.8,B+
541,Stud0787,22.5,8,5.7,7,5.8,8,57,C0
541,Stud0788,21,8,3.9,7,5.9,8,53.8,C0
541,Stud0789,31.5,15.5,7.4,7,8,8,77.4,A0
541,Stud0790,24,19,7.5,7,7.8,8,73.3,B+
541,Stud0791,13,24,5,6.8,7.8,8,64.6,B0
541,Stud0792,27,23.5,7.6,7,7.8,8,80.9,A0
541,Stud0793,17,27.5,5.8,6.2,4.3,7,67.8,B+
541,Stud0794,20,8.5,3.1,6.3,4.6,8,50.5,D+
541,Stud0795,24.5,11.5,5.7,7,7.4,8,64.1,B0
541,Stud0796,31.5,24,6.5,6.9,7.1,8,84,A0
541,Stud0797,10.5,0,1.2,2.3,-1,0,13,F
541,Stud0798,29,21,3.1,6.3,6.8,8,74.2,B+
541,Stud0799,23.5,18,7,7,7.8,8,71.3,B+
541,Stud0800,27.5,23,7.6,7,8,8,81.1,A0
541,Stud0801,21,10,6.2,7,7.4,8,59.6,C0
541,Stud0802,27.5,19,7.5,7,7.9,8,76.9,A0
541,Stud0803,23.5,20.5,4,6.4,7.7,8,70.1,B+
541,Stud0804,20.5,11,3.9,6.3,7.7,8,57.4,C0
541,Stud0805,28,18,6.2,6.3,7,8,73.5,B+
541,Stud0806,10,15,6.4,7,7,8,53.4,C0
541,Stud0807,27,22,7.1,6.8,4.6,8,75.5,B+
541,Stud0808,13.5,9.5,3,6.4,1.7,8,42.1,F
541,Stud0809,22,4.5,5.6,6.9,3.8,8,50.8,D+
541,Stud0810,0,0,0,0,0,0,0,F
541,Stud0811,24.5,22.5,6,7,6.8,8,74.8,B+
541,Stud0812,16.5,5.5,4.7,5.1,5,7,43.8,D+
541,Stud0813,19.5,18,5.4,6.9,4.2,8,62,C+
541,Stud0814,22,11.5,6.5,6.9,5.9,8,60.8,C+
541,Stud0815,27,32,7.5,6.9,6.5,8,87.9,A+
541,Stud0816,21,16,4.4,6.3,7.6,8,63.3,C+
542,Stud0817,20,24.5,5.5,7,7.5,8,72.5,B+
542,Stud0818,20,9.5,2,7,6.6,8,53.1,C+
542,Stud0819,17.5,31,5.1,7,7.8,8,76.4,A0
542,Stud0820,0,0,1,5,-0.8,0,5.2,F
542,Stud0821,29.5,29.5,5.6,7,7.5,8,87.1,A+
542,Stud0822,23,11,4.8,7,8,8,61.8,B0
542,Stud0823,20,16,1.8,6.3,5.9,7,57,C+
542,Stud0824,20.5,23.5,4.7,7,7.9,8,71.6,B+
542,Stud0825,24,20.5,3.1,7,7.8,8,70.4,B+
542,Stud0826,27,25.5,2.3,6.3,8,8,77.1,A0
542,Stud0827,32,24,5,7,5.3,8,81.3,A0
542,Stud0828,19,16,2.3,5.7,1.6,7.8,52.4,C0
542,Stud0829,25,13,3.6,6.3,7,8,62.9,B0
542,Stud0830,22,30,6,7,8,8,81,A0
542,Stud0831,20.5,27,1.9,7,7.8,7.8,72,B+
542,Stud0832,10.5,19,2,7,4.6,7.2,50.3,C0
542,Stud0833,28.5,26,4.8,7,7.6,8,81.9,A+
542,Stud0834,26,28,4.5,7,7.5,8,81,A0
542,Stud0835,28.5,21.5,6,7,7.4,8,78.4,A0
542,Stud0836,22,16,1.5,5.7,4.5,7.6,57.3,C+
542,Stud0837,21.5,0,3.4,5.7,4.4,7.6,42.6,F
542,Stud0838,20.5,17.5,4.6,7,5.7,8,63.3,B0
542,Stud0839,35,20,5.9,7,5.8,8,81.7,A0
542,Stud0840,11.5,3.5,1.4,5,-0.1,6.8,28.1,F
542,Stud0841,12,15.5,3.2,5,1.8,8,45.5,C0
542,Stud0842,23.5,20,3.6,7,3.6,8,65.7,B+
542,Stud0843,19.5,16.5,3.3,5.7,7.2,8,60.2,C+
542,Stud0844,30,27.5,5.3,7,6.8,8,84.6,A+
542,Stud0845,29,22.5,5.2,7,7.8,8,79.5,A0
542,Stud0846,27.5,15.5,5.1,7,7.1,8,70.2,B+
542,Stud0847,18,28.5,5.6,7,4.3,7.8,71.2,B+
542,Stud0848,33.5,27.5,4.8,7,7.6,8,88.4,A+
542,Stud0849,23.5,10,4.3,6.3,7.8,8,59.9,C+
542,Stud0850,24,18.5,3.9,7,5.7,7.6,66.7,B+
543,Stud0851,28,21.5,7.3,6.2,7.6,8,78.6,A0
543,Stud0852,29.5,17,6.5,7,7.9,8,75.9,B+
543,Stud0853,18.5,17,5.6,6.6,6.1,8,61.8,C+
543,Stud0854,17,11,3.4,5.8,6.1,8,51.3,D+
543,Stud0855,22.5,7.5,4.7,6.2,4.5,7,52.4,C0
543,Stud0856,21.5,11.5,6.4,6.2,5.2,8,58.8,C+
543,Stud0857,17,16,6.4,6.6,7,8,61,C+
543,Stud0858,19.5,12,1.6,6.2,4.5,8,51.8,C0
543,Stud0859,24,23.5,6.4,6.6,7.6,8,76.1,A0
543,Stud0860,14.5,10.5,6,7,8,8,54,C0
543,Stud0861,22.5,19.5,5.4,7,7.5,8,69.9,B+
543,Stud0862,26.5,9.5,5.1,5.4,4.4,8,58.9,C+
543,Stud0863,23.5,7,4.7,6.6,6.8,7,55.6,C0
543,Stud0864,29.5,23,6.7,6.6,7.8,8,81.6,A0
543,Stud0865,25.5,12,6.5,6.2,7.7,8,65.9,B0
543,Stud0866,24,32,6.8,6.2,7.7,8,84.7,A+
543,Stud0867,10.5,4.5,2.4,6.6,8,8,40,F
543,Stud0868,33,10.5,4.5,5.2,7.1,8,68.3,B+
543,Stud0869,27.5,24,6.7,6.6,6.3,8,79.1,A0
543,Stud0870,31.5,21.5,3.3,6.2,4.9,8,75.4,B+
543,Stud0871,33,23,5.9,6.6,5.7,8,82.2,A0
543,Stud0872,7,5,2,5.6,5.5,7,32.1,F
543,Stud0873,25,24,5.2,6.6,7.2,8,76,A0
543,Stud0874,20,10,5.5,6.6,4.9,8,55,C0
543,Stud0875,30,26.5,5.8,6.6,7.1,8,84,A+
543,Stud0876,14.5,1,2.9,6.6,3.7,8,36.7,F
543,Stud0877,15,9,3.1,6.2,2.7,8,44,D+
543,Stud0878,13.5,5,2.4,5.8,3.5,8,38.2,F
543,Stud0879,15,10,4.4,6.6,3.8,8,47.8,D+
543,Stud0880,14.5,19,6,6.6,7,8,61.1,C+
543,Stud0881,14.5,13,5.4,6.6,6,8,53.5,C0
543,Stud0882,14,6,3.3,6.2,6.4,8,43.9,D+
543,Stud0883,19.5,6,4.4,6.2,6.8,7,49.9,D+
543,Stud0884,15.5,6,2,4.8,3.9,8,40.2,F
543,Stud0885,18.5,12,4.8,6.2,7.4,8,56.9,C0
543,Stud0886,35,22.5,6.6,6.6,5.3,8,84,A+
543,Stud0887,25.5,28,7.4,7,7.9,8,83.8,A+
543,Stud0888,21,15,6.2,6.6,7.9,8,64.7,C+
543,Stud0889,29,27,7.5,6.6,8,8,86.1,A+
543,Stud0890,18.5,3.5,2.6,4.8,2,8,39.4,F
543,Stud0891,21.5,18,5.8,6.6,7.8,8,67.7,B0
543,Stud0892,11,0,2,6.6,3.2,5,27.8,F
543,Stud0893,27,22.5,5.9,6.2,7.8,8,77.4,A0
543,Stud0894,23.5,22,7,6.2,6.5,8,73.2,B+
543,Stud0895,30,22,6.6,6.2,6.5,8,79.3,A0
543,Stud0896,7.5,0,5.1,6.6,7.8,8,35,F
543,Stud0897,24,0,2.5,5.8,1.8,8,42.1,F
549,Stud0898,18.5,19,6.7,6.5,8,8,66.7,B0
549,Stud0899,26.5,24,7.3,7,8,8,80.8,A0
549,Stud0900,16.5,6,6.3,5.8,8,8,50.6,D+
549,Stud0901,21.5,19,3.5,2.8,6.8,7,60.6,C+
549,Stud0902,2.5,4.5,2.9,1.3,-0.2,7,18,F
549,Stud0903,5.5,11,3.9,2,3.4,8,33.8,F
549,Stud0904,17.5,26.5,6.8,5.8,7.9,8,72.5,B+
549,Stud0905,0,0,1.5,0.5,0,8,10,F
549,Stud0906,19,16,5.4,5.5,6.2,8,60.1,C+
549,Stud0907,10.5,0,4.4,2.3,5.3,0,22.5,F
549,Stud0908,25,9,4.6,3.3,5.1,8,55,C+
549,Stud0909,20,10.5,7.1,5.3,4.5,7,54.4,C0
549,Stud0910,29,26.5,7.6,7,6.3,8,84.4,A0
549,Stud0911,24.5,20.5,6.3,6.3,6.6,8,72.2,B+
549,Stud0912,20,0,6.1,3.3,7.2,8,44.6,F
549,Stud0913,16.5,0,7.1,7,7.4,8,46,F
549,Stud0914,22,23,7.4,7,6.8,8,74.2,B+
549,Stud0915,20.5,0,5.7,3.3,7.4,7,43.9,F
549,Stud0916,12,8.5,5.5,4,6.3,8,44.3,F
549,Stud0917,0,0,0,0,0,0,0,F
549,Stud0918,13,8.5,4.9,3.3,4.4,7,41.1,F
549,Stud0919,11,0,3.5,1.3,3.6,7,26.4,F
549,Stud0920,14.5,13,5.8,2.3,8,8,51.6,C0
549,Stud0921,19,16,7.7,6,7.9,8,64.6,B0
549,Stud0922,13.5,22.5,6.2,6.3,6.3,8,62.8,C+
651,Stud0923,29,24,5.6,7,6.2,8,79.8,A0
651,Stud0924,25.5,17.5,6.1,6.3,6.5,8,69.9,B+
651,Stud0925,23,29.5,6.9,5.7,8,8,81.1,A0
651,Stud0926,26.5,24,6.3,5,7.7,8,77.5,A0
651,Stud0927,28.5,17.5,6.9,7,7.8,8,75.7,B+
651,Stud0928,25,26,6.9,7,7.4,5,77.3,A0
651,Stud0929,17,8.5,5.9,6.3,5.7,7,50.4,C0
651,Stud0930,21,16.5,6.7,6.3,8,8,66.5,B0
651,Stud0931,29.5,20.5,6.9,7,7.8,8,79.7,A0
651,Stud0932,22,16.5,6.1,6.3,7.8,7,65.7,B0
651,Stud0933,13,15,6,4.3,5.7,6,50,C0
651,Stud0934,27,18.5,6.2,4.3,5.9,8,69.9,B+
651,Stud0935,15.5,11.5,7,6.3,6.1,8,54.4,C0
651,Stud0936,25,25,6.8,6.3,7,8,78.1,A0
651,Stud0937,28,17.5,6.7,6.3,7.8,8,74.3,B+
651,Stud0938,20,8,3.5,3,7.2,4,45.7,D+
651,Stud0939,33.5,17,6.3,7,7,8,78.8,A0
651,Stud0940,29,29,7.3,7,7.9,8,88.2,A+
651,Stud0941,20.5,20.5,7,7,5.2,8,68.2,B0
651,Stud0942,26,21.5,7.2,5.7,6.7,8,75.1,B+
651,Stud0943,30,29,6.1,5,8,7,85.1,A+
651,Stud0944,15.5,0,5.5,5.7,6.6,5,38.3,F
651,Stud0945,34.5,25.5,6.7,7,7.6,8,89.3,A+
651,Stud0946,25.5,27.5,6.5,7,7.7,8,82.2,A0
651,Stud0947,23.5,22.5,6.1,7,4.8,8,71.9,B+
651,Stud0948,22,19,5.8,7,4.5,8,66.3,B0
651,Stud0949,31,22,6.9,7,7.8,8,82.7,A0
651,Stud0950,24,26,7.5,7,8,8,80.5,A0
651,Stud0951,17,15.5,5,5.7,4.9,7,55.1,C+
651,Stud0952,20.5,12.5,5.9,7,8,6,59.9,C+
651,Stud0953,33.5,26,7.3,6.3,8,8,89.1,A+
651,Stud0954,28.5,7.5,5,6.3,6,8,61.3,C+
651,Stud0955,22,20,7.1,5,7.7,8,69.8,B0
651,Stud0956,29.5,22,6.9,5,8,8,79.4,A0
651,Stud0957,21,20,6.7,6.3,8,8,70,B+
651,Stud0958,28,13.5,6,7,7.5,8,70,B+
651,Stud0959,30,22.5,7.5,7,7.9,7,81.9,A0
651,Stud0960,24,16.5,6,5.7,6.2,8,66.4,B0
652,Stud0961,29.5,27,3.8,4.4,6.7,8,79.4,A0
652,Stud0962,24.5,17.5,5,6.4,6.2,7,66.6,B+
652,Stud0963,17.5,6.5,3.4,3.8,2,3,36.2,F
652,Stud0964,31.5,25,5,7,8,8,84.5,A+
652,Stud0965,28,0,4,4.2,7.9,3,47.1,C0
652,Stud0966,28,30.5,5.7,7,7.9,8,87.1,A+
652,Stud0967,33,21,3.1,5.8,8,6,76.9,A0
652,Stud0968,23,26.5,6.4,7,7.5,8,78.4,A0
652,Stud0969,29,22.5,3.5,5.6,8,5,73.6,B+
652,Stud0970,29.5,13.5,4.6,5.2,6.2,8,67,B+
652,Stud0971,13.5,14.5,2.2,0.8,3.2,4,38.2,D+
652,Stud0972,27.5,25,5.8,7,7.9,8,81.2,A+
652,Stud0973,28,25,5.5,7,4.6,8,78.1,A0
652,Stud0974,18,16,3.8,3.6,7.9,5,54.3,C+
652,Stud0975,33.5,25,5.7,7,7.6,8,86.8,A+
652,Stud0976,34.5,30,6.6,7,7,8,93.1,A+
652,Stud0977,27.5,18,4.2,5.6,8,6,69.3,B+
652,Stud0978,13,9,3.7,2.8,5.5,4,38,F
652,Stud0979,26,23.5,6.5,4.2,6.9,7,74.1,A0
652,Stud0980,21,24.5,7.1,7,7.9,8,75.5,A0
652,Stud0981,25.5,14.5,4.1,5,4,4,57.1,B0
652,Stud0982,28,12,3.5,5,7.7,7,63.2,B0
652,Stud0983,24.5,32.5,5.8,7,7,7,83.8,A+
652,Stud0984,18,17,5.7,6.6,6.1,8,61.4,B0
652,Stud0985,34,33.5,6.9,7,8,8,97.4,A+
652,Stud0986,25,22,7,7,7.9,8,76.9,A0
652,Stud0987,32,29,7.1,6.4,6.7,8,89.2,A+
652,Stud0988,25.5,16,4.3,7,5.9,8,66.7,B+
652,Stud0989,31.5,9.5,2.9,0.8,3.5,7,55.2,C+
652,Stud0990,10.5,4.5,3.7,5.6,7.3,4,35.6,F
652,Stud0991,34.5,16.5,4.9,2.8,7.9,7,73.6,B+
652,Stud0992,21,23.5,5.5,6.6,7.7,8,72.3,B+
652,Stud0993,22.5,25.5,5.5,7,7.4,6,73.9,A0
652,Stud0994,18.5,3.5,2.8,4.6,4.8,8,42.2,C0
652,Stud0995,30,29.5,7.1,7,7.8,8,89.4,A+
653,Stud0996,22,12,4.7,6.6,5.6,8,58.9,C+
653,Stud0997,18,14,7.2,6.6,8,8,61.8,C+
653,Stud0998,25.5,0,4.3,6.2,3.6,6,45.6,D+
653,Stud0999,25.5,29.5,7.1,5.8,7,8,82.9,A0
653,Stud1000,32.5,13,7,6.2,8,8,74.7,B+
653,Stud1001,32,24.5,7.3,6.6,8,8,86.4,A+
653,Stud1002,26,26,7.3,6.6,8,8,81.9,A0
653,Stud1003,19,8,3.3,5.8,4,8,48.1,C0
653,Stud1004,33.5,21.5,7.3,7,7,8,84.3,A0
653,Stud1005,24.5,21,7.4,6.6,7.6,8,75.1,B+
653,Stud1006,19,18,7.2,6.6,8,8,66.8,B0
653,Stud1007,18.5,17,6.5,6.6,7.6,8,64.2,B0
653,Stud1008,26,20.5,6.4,6.6,7.7,8,75.2,B+
653,Stud1009,32.5,20,7.5,6.2,8,8,82.2,A0
653,Stud1010,22,13.5,4.1,6.2,4.2,8,58,C+
653,Stud1011,19.5,4.5,3.4,5.4,0.7,8,41.5,F
653,Stud1012,33.5,25,6.3,5.8,7.6,8,86.2,A+
653,Stud1013,24,23.5,6.6,6.2,7.9,8,76.2,A0
653,Stud1014,24.5,24.5,7,6.2,7.1,8,77.3,A0
653,Stud1015,28.5,17,5.5,6.6,8,8,73.6,B+
653,Stud1016,21.5,13,3.7,6.6,8,8,60.8,C+
653,Stud1017,28.5,23,6.9,6.6,7.9,8,80.9,A0
653,Stud1018,11.5,20,4.8,6.6,6.1,8,57,C0
653,Stud1019,23,5,6.2,6.6,7.6,8,56.4,C0
653,Stud1020,23.5,15,6.5,6.6,8,8,67.6,B0
653,Stud1021,19,20,7,6.6,8,8,68.6,B0
653,Stud1022,20,0,4.3,6.6,3.7,7,41.6,D+
653,Stud1023,26,22,4.4,6.2,7.7,8,74.3,B+
653,Stud1024,23,23.5,7.9,6.6,6.9,8,75.9,B+
653,Stud1025,15.5,12.5,3.3,6.6,5.8,7,50.7,C0
653,Stud1026,19.5,11,4,6.2,3.1,8,51.8,C0
653,Stud1027,29.5,5,5.5,6.6,6.9,8,61.5,C+
653,Stud1028,35,27,7,6.6,6.8,8,90.4,A+
653,Stud1029,19.5,17,5.7,6.6,7.3,8,64.1,B0
653,Stud1030,20,20,7.2,6.6,8,8,69.8,B0
653,Stud1031,26,27.5,6.4,6.6,8,8,82.5,A0
653,Stud1032,22.5,15.5,5.7,6.6,5,8,63.3,C+
653,Stud1033,11,8.5,4.5,3.8,2.6,8,38.4,F
654,Stud1034,34,24,7.2,5.3,6.6,8,85.1,A+
654,Stud1035,18.5,19.5,6,4.5,7.5,8,64,B0
654,Stud1036,7,0,4.5,1.3,6.8,6,25.6,F
654,Stud1037,23.5,18.5,6.8,6.3,7.3,8,70.4,B+
654,Stud1038,26,29,5.9,6.3,7,8,82.2,A0
654,Stud1039,21.5,13.5,6.1,5,8,8,62.1,B0
654,Stud1040,13.5,19,6.6,3.3,8,8,58.4,C+
654,Stud1041,21,20,6.7,4.3,7.3,8,67.3,B0
654,Stud1042,30.5,15.5,6.1,5,6.4,8,71.5,B+
654,Stud1043,10,12,6.4,5.5,7.4,8,49.3,D+
654,Stud1044,21,19,6.2,4.3,7.9,8,66.4,B0
654,Stud1045,26,13,6.7,5,7.6,8,66.3,B0
654,Stud1046,17.5,11.5,6.7,4,7.4,8,55.1,C0
654,Stud1047,14.5,13.5,5.9,5.3,7.9,8,55.1,C0
654,Stud1048,21.5,13.5,6.5,5.3,6.9,8,61.7,B0
654,Stud1049,21.5,13.5,6.3,3.8,7.9,8,61,C+
654,Stud1050,27,15.5,6,5.5,6.4,8,68.4,B0
654,Stud1051,29,23,7.4,5.8,7.9,8,81.1,A0
654,Stud1052,22.5,22,6.9,6,8,8,73.4,B+
654,Stud1053,26,27.5,7.4,6,6.5,8,81.4,A0
654,Stud1054,20,19,6.6,4.5,6,8,64.1,B0
654,Stud1055,18.5,18,5,3.3,4.3,7,56.1,C+
654,Stud1056,15.5,19.5,6.3,4.8,7.5,8,61.6,C+
654,Stud1057,19.5,21,6.8,6.8,7.8,8,69.9,B+
654,Stud1058,20.5,22,7.7,6.5,7,8,71.7,B+
654,Stud1059,20.5,10.5,4.4,1.5,7.8,6,50.7,C0
654,Stud1060,27.5,24,7.4,7,8,8,81.9,A0
654,Stud1061,14.5,3,3.1,1.3,3.6,8,33.5,F
654,Stud1062,33.5,26.5,7.3,6.5,7.4,8,89.2,A+
654,Stud1063,17.5,12.5,6.3,4.5,5.3,8,54.1,C0
654,Stud1064,31,25,7.1,6,6.9,8,84,A+
654,Stud1065,31,20,5.9,5,7.5,8,77.4,A0
654,Stud1066,31,27.5,7.7,7,8,8,89.2,A+
654,Stud1067,24,15,6.4,4.8,7.1,8,65.3,B0
654,Stud1068,24.5,21,7,4.8,8,8,73.3,B+
654,Stud1069,23,14.5,6,4.3,5.5,8,61.3,C+
654,Stud1070,20,10,3.8,2.8,5.5,8,50.1,C0
654,Stud1071,31,27.5,6.2,5.3,7.6,8,85.6,A+
654,Stud1072,15,9.5,4.5,3.5,8,8,48.5,F
659,Stud1073,4,3.5,4.9,6.9,3.3,8,30.6,F
659,Stud1074,14,17,5.7,6.8,6.6,7,57.1,C0
659,Stud1075,11,10.5,6.7,6.9,4.1,8,47.2,F
659,Stud1076,28,29,7.2,7,7.9,8,87.1,A+
659,Stud1077,24.5,21,7.6,7,6.1,8,74.2,B+
659,Stud1078,25,22,7,7,7.9,8,76.9,B+
659,Stud1079,26,20,6.7,6.9,7.9,8,75.5,B+
659,Stud1080,23.5,20,7.4,6.9,7.4,8,73.2,B+
659,Stud1081,12,12.5,6.3,7,5.1,8,50.9,C0
659,Stud1082,5,1,4.2,7,5.9,8,31.1,F
659,Stud1083,15,6.5,6.2,7,6.1,8,48.8,D+
659,Stud1084,15.5,10,4.8,6.7,6.6,7,50.6,D+
659,Stud1085,18,18.5,6.3,6.9,8,8,65.7,B0
659,Stud1086,30,22,7.3,6.8,5.9,8,80,A0
659,Stud1087,24,14.5,6.6,5.3,6.4,8,64.8,B0
659,Stud1088,27,25.5,5.4,6.9,6.8,8,79.6,A0
659,Stud1089,10,13,5.5,6.9,7.4,8,50.8,D+
659,Stud1090,33,22.5,7.3,6.9,8,8,85.7,A0
659,Stud1091,25,18.5,4.9,5.8,5.6,7,66.8,B0
659,Stud1092,23,8.5,1.7,2.9,3.3,6,45.4,F
659,Stud1093,19.5,22.5,7.1,6.9,6.6,8,70.6,B+
659,Stud1094,10.5,0,2.3,6.3,4,7,30.1,F
659,Stud1095,18.5,21,6.7,6.8,7.6,7,67.6,B+
659,Stud1096,17.5,14,4.3,6.2,6.8,6,54.8,C0
659,Stud1097,15,16.5,4.5,6.9,5.6,8,56.5,C0
659,Stud1098,28.5,16,6.6,7,7,8,73.1,B+
659,Stud1099,11.5,3.5,3.8,5.3,6.1,8,38.2,F
